{"cameraMode":{"drawMode":0,"name":"Shaded","section":"Shading Mode"},"sceneLighting":true,"audioPlay":false,"sceneViewState":{"showFog":false,"showMaterialUpdate":false,"showSkybox":false,"showFlares":false,"showImageEffects":false,"showParticleSystems":false},"in2DMode":false,"pivot":{"x":0.8178718090057373,"y":-1.2306437492370606,"z":-5.018441200256348},"rotation":{"x":0.42413759231567385,"y":-0.12832564115524293,"z":0.060853809118270877,"w":0.8943918347358704},"size":22.0,"orthographic":false}