{"cameraMode":{"drawMode":0,"name":"Shaded","section":"Shading Mode"},"sceneLighting":false,"audioPlay":false,"sceneViewState":{"showFog":false,"showMaterialUpdate":false,"showSkybox":false,"showFlares":false,"showImageEffects":false,"showParticleSystems":false},"in2DMode":false,"pivot":{"x":0.0,"y":0.6769999861717224,"z":0.17957955598831178},"rotation":{"x":-0.02118849754333496,"y":-0.8415765762329102,"z":0.033103298395872119,"w":-0.5387059450149536},"size":3.8264622688293459,"orthographic":false}