{"cameraMode":{"drawMode":0,"name":"Shaded","section":"Shading Mode"},"sceneLighting":false,"audioPlay":false,"sceneViewState":{"showFog":false,"showMaterialUpdate":false,"showSkybox":false,"showFlares":false,"showImageEffects":false,"showParticleSystems":false},"in2DMode":false,"pivot":{"x":-14.85999870300293,"y":0.6499997973442078,"z":-15.529999732971192},"rotation":{"x":0.1809438169002533,"y":0.10481269657611847,"z":-0.019397802650928499,"w":0.9777000546455383},"size":13.212831497192383,"orthographic":false}