{"cameraMode":{"drawMode":0,"name":"Shaded","section":"Shading Mode"},"sceneLighting":false,"audioPlay":false,"sceneViewState":{"showFog":false,"showMaterialUpdate":false,"showSkybox":false,"showFlares":false,"showImageEffects":false,"showParticleSystems":false},"in2DMode":false,"pivot":{"x":10.621744155883789,"y":0.5152502059936523,"z":18.453529357910158},"rotation":{"x":0.259220153093338,"y":-0.0642622783780098,"z":0.017289157956838609,"w":0.9635229110717773},"size":8.958760261535645,"orthographic":false}