{"cameraMode":{"drawMode":0,"name":"Shaded","section":"Shading Mode"},"sceneLighting":false,"audioPlay":false,"sceneViewState":{"showFog":false,"showMaterialUpdate":false,"showSkybox":false,"showFlares":false,"showImageEffects":false,"showParticleSystems":false},"in2DMode":false,"pivot":{"x":0.0,"y":0.7999999523162842,"z":2.9099998474121095},"rotation":{"x":0.17895102500915528,"y":0.06429749727249146,"z":-0.011720551177859307,"w":0.9816848039627075},"size":4.20021390914917,"orthographic":false}