{"cameraMode":{"drawMode":0,"name":"Shaded","section":"Shading Mode"},"sceneLighting":false,"audioPlay":false,"sceneViewState":{"showFog":false,"showMaterialUpdate":false,"showSkybox":false,"showFlares":false,"showImageEffects":false,"showParticleSystems":false},"in2DMode":false,"pivot":{"x":-0.35626840591430666,"y":0.0,"z":-8.770000457763672},"rotation":{"x":-0.3250972032546997,"y":0.060087449848651889,"z":-0.020702462643384935,"w":-0.9435427188873291},"size":2.8578836917877199,"orthographic":false}