{"cameraMode":{"drawMode":0,"name":"Shaded","section":"Shading Mode"},"sceneLighting":false,"audioPlay":false,"sceneViewState":{"showFog":false,"showMaterialUpdate":false,"showSkybox":false,"showFlares":false,"showImageEffects":false,"showParticleSystems":false},"in2DMode":false,"pivot":{"x":-1.4412763118743897,"y":0.6661453247070313,"z":25.437767028808595},"rotation":{"x":0.2549067735671997,"y":-0.06289239972829819,"z":0.016617370769381524,"w":0.9647750854492188},"size":9.14522933959961,"orthographic":false}