{"cameraMode":{"drawMode":0,"name":"Shaded","section":"Shading Mode"},"sceneLighting":false,"audioPlay":false,"sceneViewState":{"showFog":false,"showMaterialUpdate":false,"showSkybox":false,"showFlares":false,"showImageEffects":false,"showParticleSystems":false},"in2DMode":false,"pivot":{"x":10.662114143371582,"y":0.468839168548584,"z":20.56342124938965},"rotation":{"x":0.2626882791519165,"y":0.005214730743318796,"z":-0.0014190489891916514,"w":0.9648656249046326},"size":8.958760261535645,"orthographic":false}