{"cameraMode":{"drawMode":0,"name":"Shaded","section":"Shading Mode"},"sceneLighting":false,"audioPlay":false,"sceneViewState":{"showFog":false,"showMaterialUpdate":false,"showSkybox":false,"showFlares":false,"showImageEffects":false,"showParticleSystems":false},"in2DMode":false,"pivot":{"x":-1.2562758922576905,"y":1.1812849044799805,"z":25.400222778320314},"rotation":{"x":0.2137608528137207,"y":-0.21254728734493257,"z":0.047710876911878589,"w":0.9522886276245117},"size":8.958759307861329,"orthographic":false}