{"cameraMode":{"drawMode":0,"name":"Shaded","section":"Shading Mode"},"sceneLighting":false,"audioPlay":false,"sceneViewState":{"showFog":false,"showMaterialUpdate":false,"showSkybox":false,"showFlares":false,"showImageEffects":false,"showParticleSystems":false},"in2DMode":false,"pivot":{"x":12.904905319213868,"y":0.11967182159423828,"z":18.676467895507814},"rotation":{"x":0.23911555111408235,"y":0.39951324462890627,"z":-0.10876844823360443,"w":0.8782837390899658},"size":8.958754539489746,"orthographic":false}