{"cameraMode":{"drawMode":0,"name":"Shaded","section":"Shading Mode"},"sceneLighting":false,"audioPlay":false,"sceneViewState":{"showFog":false,"showMaterialUpdate":false,"showSkybox":false,"showFlares":false,"showImageEffects":false,"showParticleSystems":false},"in2DMode":false,"pivot":{"x":-1.4672813415527344,"y":1.1784672737121583,"z":0.15162372589111329},"rotation":{"x":-0.013026591390371323,"y":-0.26236793398857119,"z":0.003542183665558696,"w":-0.9648734927177429},"size":8.923587799072266,"orthographic":false}