{"cameraMode":{"drawMode":0,"name":"Shaded","section":"Shading Mode"},"sceneLighting":false,"audioPlay":false,"sceneViewState":{"showFog":false,"showMaterialUpdate":false,"showSkybox":false,"showFlares":false,"showImageEffects":false,"showParticleSystems":false},"in2DMode":false,"pivot":{"x":10.982735633850098,"y":3.038459062576294,"z":22.134540557861329},"rotation":{"x":0.17895102500915528,"y":0.06429749727249146,"z":-0.011720551177859307,"w":0.9816848039627075},"size":8.958754539489746,"orthographic":false}