{"cameraMode":{"drawMode":0,"name":"Shaded","section":"Shading Mode"},"sceneLighting":false,"audioPlay":false,"sceneViewState":{"showFog":false,"showMaterialUpdate":false,"showSkybox":false,"showFlares":false,"showImageEffects":false,"showParticleSystems":false},"in2DMode":false,"pivot":{"x":0.9600000381469727,"y":1.5999996662139893,"z":21.530000686645509},"rotation":{"x":0.19715841114521027,"y":0.16325759887695313,"z":-0.03331640362739563,"w":0.966108500957489},"size":9.145231246948243,"orthographic":false}