{"cameraMode":{"drawMode":0,"name":"Shaded","section":"Shading Mode"},"sceneLighting":false,"audioPlay":false,"sceneViewState":{"showFog":false,"showMaterialUpdate":false,"showSkybox":false,"showFlares":false,"showImageEffects":false,"showParticleSystems":false},"in2DMode":false,"pivot":{"x":-3.4692370891571047,"y":0.06943976879119873,"z":1.0606377124786378},"rotation":{"x":0.0768163651227951,"y":0.4352610111236572,"z":-0.03730582818388939,"w":0.8962451815605164},"size":4.293171405792236,"orthographic":false}